class1,class2,count
spaghetti_bolognese,spaghetti_carbonara,26
pad_thai,spaghetti_carbonara,20
pad_thai,spaghetti_bolognese,19
hot_and_sour_soup,ramen,13
french_onion_soup,pancakes,12
beet_salad,greek_salad,12
chicken_wings,fried_calamari,10
french_onion_soup,lasagna,10
pancakes,waffles,10
french_toast,pancakes,10
filet_mignon,prime_rib,9
clam_chowder,french_onion_soup,9
fried_calamari,pad_thai,9
lasagna,pizza,9
beet_salad,caesar_salad,8
beet_salad,ceviche,8
ceviche,sashimi,8
sashimi,sushi,8
escargots,french_onion_soup,8
escargots,pancakes,8
bibimbap,ramen,8
lasagna,pancakes,8
miso_soup,ramen,8
clam_chowder,miso_soup,8
caprese_salad,greek_salad,8
french_toast,hamburger,8
hamburger,pancakes,8
fried_calamari,onion_rings,7
fried_rice,pad_thai,7
pad_thai,poutine,7
filet_mignon,steak,7
breakfast_burrito,fried_calamari,7
risotto,spaghetti_bolognese,7
bibimbap,pad_thai,7
pad_thai,paella,7
ceviche,spaghetti_carbonara,7
onion_rings,spaghetti_carbonara,7
ceviche,club_sandwich,7
fried_calamari,spaghetti_bolognese,7
ice_cream,prime_rib,7
spaghetti_bolognese,takoyaki,7
french_onion_soup,ramen,7
chicken_curry,ramen,7
edamame,guacamole,7
caprese_salad,deviled_eggs,7
hot_and_sour_soup,miso_soup,7
french_onion_soup,miso_soup,7
pad_thai,pulled_pork_sandwich,7
ravioli,scallops,7
lobster_bisque,miso_soup,7
pad_thai,pho,7
huevos_rancheros,pizza,7
fried_calamari,lobster_roll_sandwich,7
breakfast_burrito,pancakes,6
club_sandwich,pad_thai,6
french_toast,gyoza,6
beef_carpaccio,beet_salad,6
bruschetta,ceviche,6
fried_rice,spaghetti_bolognese,6
fried_calamari,fried_rice,6
eggs_benedict,sushi,6
hummus,ramen,6
filet_mignon,pancakes,6
beet_salad,tacos,6
club_sandwich,fish_and_chips,6
club_sandwich,lobster_roll_sandwich,6
dumplings,prime_rib,6
hot_and_sour_soup,pho,6
french_fries,lobster_roll_sandwich,6
creme_brulee,ravioli,6
baby_back_ribs,spaghetti_bolognese,6
onion_rings,spaghetti_bolognese,6
huevos_rancheros,macaroni_and_cheese,6
caesar_salad,ceviche,6
ramen,shrimp_and_grits,6
french_toast,spring_rolls,6
carrot_cake,red_velvet_cake,6
pad_thai,takoyaki,6
macarons,pancakes,6
escargots,lasagna,6
pulled_pork_sandwich,spaghetti_bolognese,6
club_sandwich,peking_duck,6
pancakes,tiramisu,6
baby_back_ribs,chocolate_cake,6
bread_pudding,pancakes,6
lobster_bisque,ramen,6
beet_salad,caprese_salad,6
pizza,spaghetti_bolognese,6
clam_chowder,lobster_bisque,6
breakfast_burrito,pad_thai,5
spaghetti_bolognese,tiramisu,5
beef_carpaccio,greek_salad,5
hummus,pancakes,5
eggs_benedict,filet_mignon,5
ceviche,lobster_roll_sandwich,5
beef_tartare,filet_mignon,5
cannoli,churros,5
clam_chowder,ramen,5
chicken_wings,steak,5
prime_rib,steak,5
cup_cakes,red_velvet_cake,5
poutine,spaghetti_bolognese,5
french_fries,poutine,5
grilled_salmon,lasagna,5
grilled_salmon,prime_rib,5
hamburger,sashimi,5
beignets,garlic_bread,5
french_toast,garlic_bread,5
garlic_bread,pancakes,5
caprese_salad,sushi,5
french_fries,pad_thai,5
frozen_yogurt,peking_duck,5
edamame,sashimi,5
pad_thai,steak,5
filet_mignon,risotto,5
frozen_yogurt,hot_and_sour_soup,5
fried_calamari,nachos,5
fried_calamari,shrimp_and_grits,5
fried_calamari,gnocchi,5
eggs_benedict,pancakes,5
eggs_benedict,fried_calamari,5
apple_pie,fried_calamari,5
chocolate_mousse,pad_thai,5
chocolate_mousse,peking_duck,5
baby_back_ribs,filet_mignon,5
pad_thai,ramen,5
prime_rib,ramen,5
ramen,spaghetti_carbonara,5
eggs_benedict,scallops,5
fried_calamari,prime_rib,5
pancakes,peking_duck,5
filet_mignon,ravioli,5
pork_chop,prime_rib,5
garlic_bread,grilled_cheese_sandwich,5
pancakes,prime_rib,5
chicken_curry,miso_soup,5
cheesecake,strawberry_shortcake,5
lasagna,shrimp_and_grits,5
pancakes,spring_rolls,5
hamburger,prime_rib,5
french_toast,ramen,5
chocolate_cake,pork_chop,5
beignets,macarons,5
crab_cakes,spaghetti_bolognese,5
french_onion_soup,lobster_bisque,5
beet_salad,sushi,5
huevos_rancheros,pad_thai,5
escargots,ramen,5
donuts,pancakes,5
macaroni_and_cheese,waffles,5
beet_salad,mussels,5
macaroni_and_cheese,spaghetti_carbonara,5
scallops,spaghetti_bolognese,5
beet_salad,sashimi,5
huevos_rancheros,pancakes,5
gyoza,omelette,5
chicken_wings,onion_rings,4
fried_calamari,gyoza,4
chicken_curry,grilled_salmon,4
fried_rice,lasagna,4
cannoli,sushi,4
hummus,prime_rib,4
french_onion_soup,prime_rib,4
french_onion_soup,french_toast,4
poutine,spaghetti_carbonara,4
grilled_salmon,gyoza,4
peking_duck,tiramisu,4
beet_salad,eggs_benedict,4
beef_tartare,pad_thai,4
beef_tartare,spaghetti_bolognese,4
filet_mignon,fried_calamari,4
french_fries,greek_salad,4
hot_and_sour_soup,pancakes,4
hot_and_sour_soup,lobster_bisque,4
escargots,waffles,4
chicken_curry,lasagna,4
chicken_curry,filet_mignon,4
chicken_curry,prime_rib,4
deviled_eggs,scallops,4
fish_and_chips,french_fries,4
hot_and_sour_soup,spaghetti_bolognese,4
chocolate_mousse,ice_cream,4
chocolate_mousse,deviled_eggs,4
escargots,prime_rib,4
pad_thai,risotto,4
mussels,paella,4
baby_back_ribs,prime_rib,4
oysters,ramen,4
carrot_cake,chocolate_cake,4
hot_and_sour_soup,lasagna,4
fried_calamari,paella,4
lasagna,paella,4
ceviche,paella,4
eggs_benedict,tacos,4
eggs_benedict,hamburger,4
grilled_salmon,huevos_rancheros,4
churros,peking_duck,4
prime_rib,tiramisu,4
cannoli,carrot_cake,4
apple_pie,pancakes,4
french_onion_soup,hot_and_sour_soup,4
pancakes,ramen,4
deviled_eggs,macarons,4
chicken_wings,ice_cream,4
chocolate_mousse,pancakes,4
bibimbap,spaghetti_bolognese,4
bibimbap,croque_madame,4
deviled_eggs,eggs_benedict,4
ceviche,cheese_plate,4
ramen,spaghetti_bolognese,4
dumplings,ramen,4
caprese_salad,scallops,4
lasagna,prime_rib,4
scallops,sushi,4
chicken_wings,peking_duck,4
eggs_benedict,peking_duck,4
edamame,greek_salad,4
edamame,prime_rib,4
eggs_benedict,panna_cotta,4
filet_mignon,scallops,4
chicken_curry,lobster_bisque,4
beignets,pancakes,4
guacamole,spaghetti_bolognese,4
greek_salad,nachos,4
greek_salad,tacos,4
pho,spaghetti_carbonara,4
cheese_plate,pancakes,4
beef_carpaccio,falafel,4
french_toast,fried_calamari,4
fried_calamari,pulled_pork_sandwich,4
fish_and_chips,fried_calamari,4
bruschetta,eggs_benedict,4
bruschetta,lasagna,4
caprese_salad,edamame,4
french_toast,prime_rib,4
ceviche,spring_rolls,4
pancakes,pulled_pork_sandwich,4
escargots,french_toast,4
french_toast,peking_duck,4
french_toast,grilled_cheese_sandwich,4
club_sandwich,grilled_cheese_sandwich,4
ceviche,strawberry_shortcake,4
hamburger,pad_thai,4
chocolate_cake,filet_mignon,4
lasagna,macaroni_and_cheese,4
nachos,pad_thai,4
hamburger,pulled_pork_sandwich,4
croque_madame,french_onion_soup,4
french_toast,onion_rings,4
fish_and_chips,french_toast,4
escargots,ravioli,4
grilled_salmon,spaghetti_bolognese,4
crab_cakes,grilled_salmon,4
ceviche,huevos_rancheros,4
pho,ramen,4
hummus,lobster_bisque,4
french_onion_soup,hummus,4
beef_carpaccio,caesar_salad,4
beet_salad,nachos,4
cup_cakes,pancakes,4
fish_and_chips,lobster_roll_sandwich,4
pad_thai,waffles,4
huevos_rancheros,nachos,4
nachos,sushi,4
ramen,waffles,4
ceviche,foie_gras,4
lobster_roll_sandwich,tacos,4
chicken_curry,hot_and_sour_soup,4
grilled_cheese_sandwich,pulled_pork_sandwich,4
ice_cream,pancakes,4
dumplings,sushi,4
filet_mignon,pork_chop,4
guacamole,spaghetti_carbonara,4
prime_rib,strawberry_shortcake,4
gnocchi,macaroni_and_cheese,4
club_sandwich,french_toast,4
club_sandwich,sushi,4
greek_salad,sushi,4
clam_chowder,escargots,4
breakfast_burrito,ramen,3
chocolate_cake,club_sandwich,3
cannoli,club_sandwich,3
donuts,prime_rib,3
donuts,fried_calamari,3
bruschetta,pad_thai,3
bruschetta,greek_salad,3
bruschetta,caprese_salad,3
pad_thai,tiramisu,3
lasagna,tiramisu,3
chicken_wings,spaghetti_bolognese,3
cheesecake,pork_chop,3
gyoza,sushi,3
beignets,onion_rings,3
onion_rings,tiramisu,3
filet_mignon,onion_rings,3
huevos_rancheros,prime_rib,3
beet_salad,huevos_rancheros,3
bruschetta,lobster_roll_sandwich,3
chicken_curry,omelette,3
fried_rice,spaghetti_carbonara,3
fried_calamari,hummus,3
filet_mignon,hamburger,3
filet_mignon,shrimp_and_grits,3
chicken_wings,churros,3
fried_rice,grilled_salmon,3
ice_cream,steak,3
cup_cakes,macaroni_and_cheese,3
poutine,ramen,3
croque_madame,grilled_salmon,3
beet_salad,croque_madame,3
beef_tartare,ramen,3
caprese_salad,eggs_benedict,3
miso_soup,panna_cotta,3
french_fries,spaghetti_carbonara,3
frozen_yogurt,pad_thai,3
frozen_yogurt,greek_salad,3
beet_salad,frozen_yogurt,3
dumplings,fried_calamari,3
dumplings,eggs_benedict,3
escargots,fried_calamari,3
caesar_salad,pad_thai,3
ceviche,deviled_eggs,3
deviled_eggs,hamburger,3
beet_salad,deviled_eggs,3
hamburger,hummus,3
dumplings,edamame,3
peking_duck,steak,3
chicken_curry,red_velvet_cake,3
beet_salad,pad_thai,3
ceviche,spaghetti_bolognese,3
french_fries,pancakes,3
french_fries,prime_rib,3
hot_and_sour_soup,spaghetti_carbonara,3
clam_chowder,pancakes,3
gnocchi,ramen,3
pancakes,sashimi,3
spaghetti_bolognese,spring_rolls,3
filet_mignon,spaghetti_bolognese,3
breakfast_burrito,hamburger,3
breakfast_burrito,prime_rib,3
hot_dog,pulled_pork_sandwich,3
spaghetti_bolognese,steak,3
escargots,filet_mignon,3
creme_brulee,lasagna,3
ramen,risotto,3
ravioli,risotto,3
mussels,oysters,3
baby_back_ribs,pulled_pork_sandwich,3
baby_back_ribs,pad_thai,3
croque_madame,oysters,3
carrot_cake,cheese_plate,3
lasagna,scallops,3
red_velvet_cake,strawberry_shortcake,3
churros,french_toast,3
pork_chop,tiramisu,3
club_sandwich,fried_calamari,3
club_sandwich,ravioli,3
beet_salad,scallops,3
prime_rib,scallops,3
caesar_salad,ravioli,3
lobster_roll_sandwich,spaghetti_bolognese,3
lobster_roll_sandwich,pancakes,3
lobster_roll_sandwich,pulled_pork_sandwich,3
macarons,sashimi,3
greek_salad,tuna_tartare,3
filet_mignon,tuna_tartare,3
cup_cakes,pad_thai,3
cup_cakes,waffles,3
bibimbap,prime_rib,3
chocolate_cake,ice_cream,3
spaghetti_carbonara,takoyaki,3
baby_back_ribs,lasagna,3
pulled_pork_sandwich,steak,3
fried_calamari,macarons,3
macarons,sushi,3
dumplings,pad_thai,3
frozen_yogurt,hummus,3
hummus,takoyaki,3
risotto,spaghetti_carbonara,3
lasagna,ravioli,3
hummus,lasagna,3
fried_calamari,pancakes,3
beet_salad,fried_calamari,3
peking_duck,prime_rib,3
eggs_benedict,french_toast,3
french_toast,waffles,3
peking_duck,waffles,3
chicken_wings,pork_chop,3
garlic_bread,pork_chop,3
hamburger,pork_chop,3
edamame,onion_rings,3
croque_madame,panna_cotta,3
cheese_plate,club_sandwich,3
hamburger,peking_duck,3
filet_mignon,peking_duck,3
ceviche,tacos,3
guacamole,tacos,3
chicken_wings,guacamole,3
pork_chop,ravioli,3
escargots,omelette,3
macaroni_and_cheese,ramen,3
croque_madame,eggs_benedict,3
croque_madame,hamburger,3
croque_madame,french_toast,3
grilled_cheese_sandwich,grilled_salmon,3
grilled_cheese_sandwich,lasagna,3
chicken_wings,grilled_cheese_sandwich,3
baby_back_ribs,fish_and_chips,3
baby_back_ribs,steak,3
french_toast,tacos,3
ravioli,spaghetti_carbonara,3
chicken_wings,prime_rib,3
breakfast_burrito,pulled_pork_sandwich,3
club_sandwich,pulled_pork_sandwich,3
churros,club_sandwich,3
ceviche,poutine,3
ramen,ravioli,3
carrot_cake,spaghetti_bolognese,3
ceviche,greek_salad,3
caesar_salad,greek_salad,3
spaghetti_carbonara,waffles,3
chicken_wings,spring_rolls,3
fried_calamari,grilled_cheese_sandwich,3
ceviche,eggs_benedict,3
eggs_benedict,waffles,3
hummus,scallops,3
macaroni_and_cheese,omelette,3
spaghetti_bolognese,waffles,3
hummus,macarons,3
garlic_bread,peking_duck,3
paella,poutine,3
croque_madame,ravioli,3
french_onion_soup,macarons,3
bread_pudding,croque_madame,3
eggs_benedict,prime_rib,3
ceviche,fish_and_chips,3
cheese_plate,french_fries,3
cannoli,grilled_salmon,3
strawberry_shortcake,sushi,3
pad_thai,peking_duck,3
apple_pie,pad_thai,3
apple_pie,french_toast,3
cup_cakes,spaghetti_bolognese,3
lasagna,omelette,3
french_toast,omelette,3
grilled_salmon,omelette,3
baby_back_ribs,peking_duck,3
pancakes,scallops,3
chicken_curry,macaroni_and_cheese,3
hot_and_sour_soup,panna_cotta,3
bread_pudding,prime_rib,3
edamame,ice_cream,3
edamame,french_fries,3
filet_mignon,grilled_salmon,3
croque_madame,escargots,3
lobster_roll_sandwich,steak,3
apple_pie,ravioli,3
caprese_salad,strawberry_shortcake,3
caprese_salad,prime_rib,3
bread_pudding,lasagna,3
huevos_rancheros,lobster_roll_sandwich,3
french_toast,lasagna,3
edamame,french_toast,3
huevos_rancheros,lasagna,3
lobster_bisque,pho,3
cheesecake,pancakes,3
cheesecake,lobster_bisque,3
clam_chowder,prime_rib,3
beef_carpaccio,caprese_salad,3
huevos_rancheros,spaghetti_bolognese,3
grilled_salmon,pizza,3
dumplings,hummus,3
cheese_plate,hot_dog,3
chicken_wings,garlic_bread,3
garlic_bread,prime_rib,3
eggs_benedict,grilled_salmon,3
fried_calamari,hamburger,3
donuts,eggs_benedict,3
carrot_cake,cup_cakes,3
beef_tartare,ravioli,3
baby_back_ribs,mussels,3
guacamole,prime_rib,3
hummus,pad_thai,3
tacos,waffles,3
chicken_wings,fish_and_chips,3
beignets,lasagna,3
fish_and_chips,pad_thai,3
fish_and_chips,spaghetti_carbonara,3
bibimbap,filet_mignon,3
croque_madame,gyoza,3
bibimbap,ravioli,3
greek_salad,ramen,3
gnocchi,risotto,3
ceviche,chicken_curry,3
chocolate_cake,pancakes,3
beef_tartare,pancakes,3
beef_carpaccio,filet_mignon,3
cup_cakes,macarons,3
chocolate_cake,mussels,3
fried_rice,seaweed_salad,3
hummus,ravioli,3
fish_and_chips,spaghetti_bolognese,3
dumplings,pancakes,3
escargots,pizza,3
chicken_curry,eggs_benedict,3
foie_gras,hamburger,3
beet_salad,foie_gras,3
apple_pie,filet_mignon,3
lobster_roll_sandwich,nachos,3
beet_salad,peking_duck,3
ramen,scallops,3
oysters,pho,3
chicken_curry,pancakes,3
donuts,french_toast,3
fried_calamari,waffles,3
grilled_cheese_sandwich,prime_rib,3
filet_mignon,ice_cream,3
ceviche,nachos,3
beet_salad,hamburger,3
chicken_quesadilla,tacos,3
ceviche,fried_calamari,3
lobster_roll_sandwich,pad_thai,3
oysters,pad_thai,3
ceviche,mussels,3
omelette,prime_rib,3
breakfast_burrito,french_toast,2
bibimbap,club_sandwich,2
club_sandwich,sashimi,2
baby_back_ribs,donuts,2
bruschetta,spaghetti_bolognese,2
chicken_wings,pad_thai,2
bibimbap,tacos,2
beet_salad,bibimbap,2
bibimbap,ceviche,2
beef_carpaccio,bibimbap,2
gyoza,pad_thai,2
ceviche,gyoza,2
cannoli,gyoza,2
fish_and_chips,gyoza,2
gyoza,pancakes,2
macarons,onion_rings,2
onion_rings,pancakes,2
onion_rings,shrimp_and_grits,2
beef_carpaccio,ceviche,2
bruschetta,huevos_rancheros,2
filet_mignon,huevos_rancheros,2
chicken_curry,fried_calamari,2
fried_rice,red_velvet_cake,2
pad_thai,sushi,2
ice_cream,sushi,2
bread_pudding,ravioli,2
bread_pudding,pork_chop,2
beet_salad,risotto,2
chocolate_mousse,grilled_salmon,2
chocolate_mousse,croque_madame,2
chocolate_mousse,ramen,2
chicken_wings,filet_mignon,2
cheese_plate,churros,2
beignets,churros,2
chocolate_mousse,oysters,2
fried_rice,huevos_rancheros,2
clam_chowder,macaroni_and_cheese,2
clam_chowder,lasagna,2
beef_tartare,steak,2
fried_calamari,steak,2
cup_cakes,strawberry_shortcake,2
club_sandwich,french_fries,2
filet_mignon,tiramisu,2
chicken_wings,tiramisu,2
baby_back_ribs,beet_salad,2
beef_tartare,foie_gras,2
garlic_bread,lasagna,2
caprese_salad,nachos,2
french_onion_soup,spaghetti_bolognese,2
panna_cotta,ramen,2
panna_cotta,scallops,2
lobster_bisque,panna_cotta,2
panna_cotta,ravioli,2
french_fries,spaghetti_bolognese,2
clam_chowder,hot_and_sour_soup,2
dumplings,macaroni_and_cheese,2
deviled_eggs,dumplings,2
deviled_eggs,greek_salad,2
hummus,steak,2
deviled_eggs,samosa,2
eggs_benedict,samosa,2
samosa,scallops,2
beet_salad,pancakes,2
deviled_eggs,escargots,2
ceviche,french_fries,2
french_fries,hot_dog,2
chocolate_mousse,sashimi,2
beef_carpaccio,chocolate_mousse,2
cheese_plate,chocolate_mousse,2
macaroni_and_cheese,poutine,2
baklava,macaroni_and_cheese,2
fried_calamari,macaroni_and_cheese,2
baklava,lasagna,2
baklava,garlic_bread,2
gnocchi,pad_thai,2
ramen,sashimi,2
sashimi,spring_rolls,2
breakfast_burrito,donuts,2
donuts,sushi,2
bibimbap,guacamole,2
guacamole,hummus,2
guacamole,tuna_tartare,2
breakfast_burrito,samosa,2
breakfast_burrito,chicken_wings,2
hot_dog,pancakes,2
beef_tartare,nachos,2
chicken_curry,escargots,2
creme_brulee,french_onion_soup,2
creme_brulee,pancakes,2
frozen_yogurt,spring_rolls,2
risotto,scallops,2
chicken_quesadilla,macaroni_and_cheese,2
gnocchi,lobster_roll_sandwich,2
dumplings,oysters,2
carrot_cake,pancakes,2
bibimbap,hot_and_sour_soup,2
paella,shrimp_and_grits,2
lobster_roll_sandwich,spaghetti_carbonara,2
poutine,prime_rib,2
caprese_salad,poutine,2
fish_and_chips,huevos_rancheros,2
eggs_benedict,pad_thai,2
eggs_benedict,spaghetti_bolognese,2
hot_dog,poutine,2
carrot_cake,garlic_bread,2
club_sandwich,spaghetti_bolognese,2
club_sandwich,pancakes,2
foie_gras,pancakes,2
peking_duck,scallops,2
greek_salad,scallops,2
apple_pie,samosa,2
apple_pie,sushi,2
caesar_salad,crab_cakes,2
fried_calamari,ramen,2
beet_salad,gnocchi,2
dumplings,macarons,2
fried_calamari,scallops,2
hamburger,tuna_tartare,2
hamburger,spring_rolls,2
beignets,red_velvet_cake,2
lasagna,red_velvet_cake,2
fried_calamari,ice_cream,2
greek_salad,ice_cream,2
caprese_salad,cup_cakes,2
deviled_eggs,ravioli,2
cheese_plate,pad_thai,2
miso_soup,red_velvet_cake,2
ice_cream,ramen,2
hamburger,ice_cream,2
pancakes,steak,2
hamburger,waffles,2
pulled_pork_sandwich,waffles,2
caesar_salad,tacos,2
onion_rings,pad_thai,2
ceviche,dumplings,2
hamburger,scallops,2
cannoli,scallops,2
ceviche,takoyaki,2
hummus,risotto,2
baby_back_ribs,risotto,2
cannoli,chocolate_mousse,2
bibimbap,eggs_benedict,2
hot_and_sour_soup,pad_thai,2
ceviche,scallops,2
crab_cakes,scallops,2
baklava,fried_calamari,2
foie_gras,grilled_salmon,2
chicken_curry,foie_gras,2
foie_gras,peking_duck,2
ravioli,waffles,2
bread_pudding,ramen,2
bread_pudding,lobster_bisque,2
bread_pudding,escargots,2
chocolate_cake,panna_cotta,2
club_sandwich,hot_dog,2
french_toast,poutine,2
hamburger,shrimp_and_grits,2
chicken_curry,hummus,2
pad_thai,tacos,2
pancakes,poutine,2
lobster_roll_sandwich,poutine,2
pork_chop,pulled_pork_sandwich,2
beignets,fried_calamari,2
beignets,cheese_plate,2
churros,french_fries,2
grilled_salmon,tiramisu,2
frozen_yogurt,ramen,2
croque_madame,peking_duck,2
cannoli,chicken_quesadilla,2
chicken_quesadilla,ravioli,2
bibimbap,sashimi,2
sushi,tuna_tartare,2
baby_back_ribs,pancakes,2
baby_back_ribs,ceviche,2
ceviche,guacamole,2
guacamole,pad_thai,2
guacamole,huevos_rancheros,2
beignets,fish_and_chips,2
beignets,scallops,2
beignets,donuts,2
sushi,tacos,2
caprese_salad,hamburger,2
caprese_salad,filet_mignon,2
cheese_plate,chicken_curry,2
cheese_plate,chicken_quesadilla,2
falafel,ramen,2
beef_tartare,grilled_salmon,2
beef_tartare,ceviche,2
onion_rings,prime_rib,2
fish_and_chips,takoyaki,2
fish_and_chips,pancakes,2
scallops,tuna_tartare,2
lasagna,tuna_tartare,2
prime_rib,tuna_tartare,2
eggs_benedict,tuna_tartare,2
beef_tartare,bruschetta,2
greek_salad,poutine,2
deviled_eggs,sashimi,2
beet_salad,edamame,2
ceviche,chicken_quesadilla,2
carrot_cake,falafel,2
carrot_cake,ravioli,2
caprese_salad,tuna_tartare,2
cheesecake,frozen_yogurt,2
cheesecake,red_velvet_cake,2
pizza,shrimp_and_grits,2
lasagna,spring_rolls,2
foie_gras,tuna_tartare,2
ceviche,tuna_tartare,2
beignets,french_onion_soup,2
beignets,french_toast,2
french_onion_soup,spring_rolls,2
ramen,samosa,2
pancakes,samosa,2
prime_rib,pulled_pork_sandwich,2
chocolate_cake,risotto,2
chocolate_cake,french_onion_soup,2
chocolate_mousse,eggs_benedict,2
poutine,pulled_pork_sandwich,2
filet_mignon,nachos,2
hot_dog,spring_rolls,2
grilled_cheese_sandwich,onion_rings,2
caesar_salad,spaghetti_carbonara,2
eggs_benedict,french_onion_soup,2
beet_salad,cheese_plate,2
cheese_plate,peking_duck,2
strawberry_shortcake,waffles,2
pancakes,panna_cotta,2
croque_madame,filet_mignon,2
hamburger,spaghetti_bolognese,2
caprese_salad,hummus,2
huevos_rancheros,hummus,2
beef_carpaccio,tuna_tartare,2
beef_carpaccio,foie_gras,2
beef_carpaccio,huevos_rancheros,2
chocolate_cake,red_velvet_cake,2
grilled_salmon,steak,2
cheese_plate,sushi,2
cheese_plate,cheesecake,2
edamame,seaweed_salad,2
ceviche,seaweed_salad,2
cheese_plate,waffles,2
grilled_salmon,takoyaki,2
chicken_quesadilla,nachos,2
carrot_cake,creme_brulee,2
dumplings,red_velvet_cake,2
red_velvet_cake,sashimi,2
bruschetta,caesar_salad,2
churros,onion_rings,2
foie_gras,tiramisu,2
chicken_wings,pancakes,2
garlic_bread,pulled_pork_sandwich,2
garlic_bread,samosa,2
caprese_salad,garlic_bread,2
carrot_cake,chocolate_mousse,2
fried_rice,prime_rib,2
creme_brulee,fried_rice,2
croque_madame,sushi,2
hamburger,lasagna,2
hamburger,huevos_rancheros,2
crab_cakes,ravioli,2
crab_cakes,pancakes,2
breakfast_burrito,macarons,2
gyoza,onion_rings,2
garlic_bread,gyoza,2
cheese_plate,macarons,2
macarons,spaghetti_bolognese,2
carrot_cake,panna_cotta,2
gnocchi,lobster_bisque,2
gnocchi,pancakes,2
macaroni_and_cheese,pizza,2
bruschetta,fried_calamari,2
bruschetta,poutine,2
chicken_curry,paella,2
croque_madame,paella,2
bread_pudding,french_toast,2
beef_tartare,fried_calamari,2
beef_tartare,eggs_benedict,2
beef_tartare,prime_rib,2
bruschetta,prime_rib,2
bruschetta,croque_madame,2
pork_chop,shrimp_and_grits,2
french_fries,pulled_pork_sandwich,2
beet_salad,filet_mignon,2
french_toast,paella,2
paella,ravioli,2
paella,pancakes,2
guacamole,pulled_pork_sandwich,2
guacamole,waffles,2
bread_pudding,cannoli,2
prime_rib,sushi,2
cup_cakes,peking_duck,2
chicken_wings,cup_cakes,2
omelette,pad_thai,2
french_toast,greek_salad,2
grilled_cheese_sandwich,lobster_roll_sandwich,2
deviled_eggs,pork_chop,2
cannoli,pork_chop,2
dumplings,fish_and_chips,2
deviled_eggs,french_toast,2
french_toast,scallops,2
caprese_salad,falafel,2
falafel,hamburger,2
macaroni_and_cheese,prime_rib,2
escargots,macaroni_and_cheese,2
creme_brulee,panna_cotta,2
hummus,panna_cotta,2
eggs_benedict,onion_rings,2
bruschetta,grilled_salmon,2
ceviche,steak,2
apple_pie,spaghetti_carbonara,2
apple_pie,spaghetti_bolognese,2
grilled_salmon,tacos,2
greek_salad,grilled_salmon,2
beignets,escargots,2
escargots,hamburger,2
apple_pie,cannoli,2
grilled_salmon,scallops,2
omelette,spaghetti_bolognese,2
huevos_rancheros,omelette,2
churros,eggs_benedict,2
chocolate_cake,churros,2
paella,prime_rib,2
chocolate_cake,grilled_salmon,2
beef_tartare,croque_madame,2
bread_pudding,pizza,2
bread_pudding,spaghetti_bolognese,2
ceviche,pizza,2
chicken_quesadilla,pizza,2
fried_calamari,huevos_rancheros,2
french_toast,hummus,2
huevos_rancheros,ravioli,2
huevos_rancheros,tuna_tartare,2
croque_madame,huevos_rancheros,2
edamame,mussels,2
huevos_rancheros,shrimp_and_grits,2
french_onion_soup,pho,2
garlic_bread,hummus,2
macaroni_and_cheese,nachos,2
deviled_eggs,nachos,2
chicken_curry,churros,2
ceviche,falafel,2
croque_madame,pizza,2
clam_chowder,dumplings,2
cannoli,dumplings,2
fish_and_chips,hot_dog,2
hot_dog,onion_rings,2
edamame,ravioli,2
creme_brulee,escargots,2
garlic_bread,lobster_roll_sandwich,2
french_onion_soup,garlic_bread,2
chicken_quesadilla,fried_calamari,2
fried_calamari,lasagna,2
cheese_plate,grilled_cheese_sandwich,2
baby_back_ribs,grilled_cheese_sandwich,2
lobster_roll_sandwich,onion_rings,2
grilled_salmon,pad_thai,2
chicken_wings,waffles,2
caprese_salad,panna_cotta,2
beet_salad,red_velvet_cake,2
bruschetta,mussels,2
filet_mignon,guacamole,2
hummus,spaghetti_bolognese,2
ceviche,hummus,2
hummus,pho,2
apple_pie,chicken_wings,2
beef_carpaccio,lobster_bisque,2
gnocchi,ravioli,2
ice_cream,pad_thai,2
cup_cakes,deviled_eggs,2
crab_cakes,french_fries,2
french_onion_soup,hamburger,2
greek_salad,hamburger,2
bruschetta,fish_and_chips,2
beignets,samosa,2
falafel,grilled_salmon,2
escargots,spaghetti_bolognese,2
bibimbap,pho,2
hummus,spaghetti_carbonara,2
beef_tartare,frozen_yogurt,2
croque_madame,deviled_eggs,2
croque_madame,foie_gras,2
french_toast,grilled_salmon,2
caprese_salad,ice_cream,2
beet_salad,strawberry_shortcake,2
nachos,sashimi,2
bibimbap,cannoli,2
fried_calamari,tacos,2
ravioli,tacos,2
peking_duck,spaghetti_bolognese,2
eggs_benedict,hot_dog,2
caprese_salad,hot_dog,2
ceviche,ice_cream,2
ceviche,lasagna,2
lasagna,spaghetti_bolognese,2
lasagna,pad_thai,2
breakfast_burrito,spaghetti_bolognese,2
chicken_curry,mussels,2
beef_tartare,beet_salad,2
beef_tartare,peking_duck,2
pad_thai,scallops,2
hot_and_sour_soup,seaweed_salad,2
pho,seaweed_salad,2
ravioli,sashimi,2
prime_rib,ravioli,2
pulled_pork_sandwich,spaghetti_carbonara,2
chocolate_mousse,filet_mignon,2
grilled_cheese_sandwich,pancakes,2
grilled_cheese_sandwich,omelette,2
carrot_cake,tiramisu,2
baklava,grilled_cheese_sandwich,2
croque_madame,tiramisu,2
prime_rib,shrimp_and_grits,2
deviled_eggs,edamame,2
gnocchi,poutine,2
ice_cream,pork_chop,2
french_onion_soup,pizza,2
ceviche,hot_dog,2
fried_calamari,hot_dog,2
croque_madame,hot_dog,2
filet_mignon,lobster_bisque,2
beef_carpaccio,mussels,2
paella,sushi,2
baby_back_ribs,takoyaki,2
chocolate_cake,strawberry_shortcake,2
beef_tartare,strawberry_shortcake,2
mussels,strawberry_shortcake,2
beignets,tiramisu,2
chicken_curry,french_onion_soup,2
cheesecake,clam_chowder,2
prime_rib,sashimi,2
bread_pudding,pad_thai,2
club_sandwich,tacos,2
beef_tartare,carrot_cake,2
nachos,omelette,2
nachos,ramen,2
cheese_plate,ramen,2
cheese_plate,foie_gras,2
croque_madame,ramen,2
cheese_plate,fish_and_chips,2
fish_and_chips,grilled_salmon,2
baklava,pad_thai,2
baklava,spaghetti_bolognese,2
baklava,chicken_wings,2
spring_rolls,sushi,2
croque_madame,strawberry_shortcake,2
lasagna,strawberry_shortcake,2
ravioli,tuna_tartare,2
creme_brulee,tuna_tartare,2
cannoli,garlic_bread,2
cannoli,fried_rice,2
french_onion_soup,fried_rice,2
beet_salad,macarons,2
macaroni_and_cheese,ravioli,2
ravioli,red_velvet_cake,2
clam_chowder,ravioli,2
falafel,fried_calamari,2
falafel,pancakes,2
falafel,strawberry_shortcake,2
carrot_cake,pad_thai,2
ravioli,shrimp_and_grits,2
chicken_curry,spaghetti_bolognese,2
chocolate_cake,waffles,2
ceviche,waffles,2
seaweed_salad,spaghetti_bolognese,2
seaweed_salad,spaghetti_carbonara,2
carrot_cake,macarons,2
clam_chowder,panna_cotta,2
ice_cream,peking_duck,2
pho,spaghetti_bolognese,2
breakfast_burrito,eggs_benedict,2
chocolate_mousse,tiramisu,2
pad_thai,prime_rib,2
poutine,waffles,2
pork_chop,steak,2
bruschetta,cannoli,2
beet_salad,ramen,2
baby_back_ribs,french_fries,2
bread_pudding,eggs_benedict,2
club_sandwich,prime_rib,2
french_toast,tiramisu,2
garlic_bread,tiramisu,2
edamame,sushi,2
paella,spaghetti_bolognese,2
croque_madame,grilled_cheese_sandwich,2
bread_pudding,crab_cakes,2
carrot_cake,ceviche,2
hot_and_sour_soup,ravioli,2
huevos_rancheros,waffles,2
pizza,waffles,2
gnocchi,shrimp_and_grits,2
club_sandwich,grilled_salmon,2
club_sandwich,hummus,2
caprese_salad,ceviche,2
falafel,pizza,2
crab_cakes,french_toast,2
crab_cakes,pad_thai,2
prime_rib,spaghetti_bolognese,2
bibimbap,greek_salad,2
guacamole,ramen,2
filet_mignon,hummus,2
escargots,hummus,2
chicken_quesadilla,miso_soup,2
nachos,spaghetti_bolognese,2
french_toast,tuna_tartare,2
cheesecake,hamburger,2
cheesecake,french_toast,2
cheesecake,eggs_benedict,2
miso_soup,pancakes,2
falafel,pad_thai,2
chocolate_cake,hamburger,2
cannoli,french_fries,2
cheese_plate,grilled_salmon,2
caprese_salad,pork_chop,2
cup_cakes,onion_rings,2
beef_carpaccio,pizza,2
chicken_quesadilla,grilled_salmon,2
chicken_quesadilla,lasagna,2
crab_cakes,filet_mignon,2
crab_cakes,peking_duck,2
fish_and_chips,pulled_pork_sandwich,2
cup_cakes,dumplings,2
carrot_cake,prime_rib,2
french_fries,peking_duck,2
caesar_salad,lobster_roll_sandwich,2
hot_and_sour_soup,mussels,2
mussels,prime_rib,2
chicken_quesadilla,shrimp_and_grits,2
apple_pie,ramen,2
peking_duck,pizza,2
deviled_eggs,lasagna,2
french_toast,samosa,2
beef_tartare,french_toast,2
carrot_cake,croque_madame,2
greek_salad,spaghetti_carbonara,2
bread_pudding,french_onion_soup,2
club_sandwich,croque_madame,2
dumplings,pho,2
macaroni_and_cheese,spaghetti_bolognese,2
grilled_salmon,risotto,2
lasagna,spaghetti_carbonara,2
eggs_benedict,oysters,2
chicken_wings,gyoza,2
cannoli,donuts,2
ceviche,hamburger,2
caprese_salad,huevos_rancheros,2
mussels,red_velvet_cake,2
falafel,nachos,2
falafel,peking_duck,2
falafel,tacos,2
croque_madame,donuts,2
macaroni_and_cheese,strawberry_shortcake,2
bibimbap,peking_duck,2
carrot_cake,cheesecake,2
pork_chop,ramen,2
eggs_benedict,foie_gras,2
mussels,tacos,2
huevos_rancheros,ramen,2
breakfast_burrito,cannoli,1
donuts,filet_mignon,1
donuts,pad_thai,1
bruschetta,ravioli,1
pulled_pork_sandwich,tiramisu,1
chicken_curry,tiramisu,1
chicken_wings,pulled_pork_sandwich,1
cheesecake,hot_dog,1
cheesecake,risotto,1
cheesecake,escargots,1
cheesecake,mussels,1
baby_back_ribs,gyoza,1
gyoza,prime_rib,1
onion_rings,ramen,1
baby_back_ribs,beef_carpaccio,1
beef_carpaccio,prime_rib,1
greek_salad,huevos_rancheros,1
beet_salad,bruschetta,1
bruschetta,pulled_pork_sandwich,1
chicken_curry,peking_duck,1
chicken_curry,pulled_pork_sandwich,1
fried_rice,risotto,1
spaghetti_bolognese,sushi,1
filet_mignon,sushi,1
bread_pudding,omelette,1
bread_pudding,lobster_roll_sandwich,1
bread_pudding,fried_calamari,1
beet_salad,crab_cakes,1
ceviche,prime_rib,1
ceviche,crab_cakes,1
ceviche,edamame,1
chocolate_mousse,risotto,1
beef_tartare,chocolate_mousse,1
churros,lasagna,1
fried_calamari,oysters,1
oysters,takoyaki,1
oysters,pancakes,1
chicken_quesadilla,cup_cakes,1
cup_cakes,ice_cream,1
baklava,club_sandwich,1
garlic_bread,grilled_salmon,1
pulled_pork_sandwich,sashimi,1
risotto,tiramisu,1
beef_tartare,waffles,1
fried_calamari,garlic_bread,1
beet_salad,garlic_bread,1
caprese_salad,croque_madame,1
frozen_yogurt,strawberry_shortcake,1
edamame,escargots,1
escargots,hot_dog,1
caesar_salad,spaghetti_bolognese,1
caesar_salad,creme_brulee,1
caesar_salad,pulled_pork_sandwich,1
caesar_salad,pho,1
deviled_eggs,pad_thai,1
croque_madame,spaghetti_bolognese,1
paella,samosa,1
red_velvet_cake,samosa,1
bibimbap,dumplings,1
steak,waffles,1
beet_salad,pho,1
beef_carpaccio,grilled_salmon,1
beef_carpaccio,lobster_roll_sandwich,1
beef_carpaccio,cheesecake,1
deviled_eggs,macaroni_and_cheese,1
deviled_eggs,lobster_roll_sandwich,1
french_toast,spaghetti_bolognese,1
dumplings,french_fries,1
chocolate_mousse,crab_cakes,1
chocolate_mousse,french_toast,1
edamame,macaroni_and_cheese,1
clam_chowder,hummus,1
baklava,escargots,1
baklava,ravioli,1
baklava,pancakes,1
gnocchi,greek_salad,1
gnocchi,omelette,1
caprese_salad,gnocchi,1
pho,sashimi,1
donuts,tacos,1
donuts,mussels,1
baklava,donuts,1
guacamole,mussels,1
caprese_salad,guacamole,1
hot_dog,sashimi,1
hot_dog,sushi,1
hamburger,hot_dog,1
beef_tartare,risotto,1
beef_tartare,chicken_quesadilla,1
beef_tartare,takoyaki,1
beef_tartare,donuts,1
chicken_wings,risotto,1
pancakes,risotto,1
creme_brulee,ramen,1
frozen_yogurt,spaghetti_carbonara,1
eggs_benedict,risotto,1
chicken_quesadilla,edamame,1
chicken_quesadilla,hot_and_sour_soup,1
chicken_quesadilla,frozen_yogurt,1
greek_salad,mussels,1
macaroni_and_cheese,mussels,1
chicken_wings,gnocchi,1
fish_and_chips,gnocchi,1
french_toast,gnocchi,1
oysters,peking_duck,1
carrot_cake,lobster_roll_sandwich,1
bibimbap,grilled_salmon,1
lasagna,peking_duck,1
cheese_plate,lasagna,1
eggs_benedict,macaroni_and_cheese,1
chicken_curry,poutine,1
cannoli,onion_rings,1
deviled_eggs,huevos_rancheros,1
crab_cakes,huevos_rancheros,1
chicken_wings,red_velvet_cake,1
filet_mignon,red_velvet_cake,1
baby_back_ribs,red_velvet_cake,1
churros,donuts,1
hamburger,tiramisu,1
eggs_benedict,tiramisu,1
peking_duck,poutine,1
carrot_cake,onion_rings,1
foie_gras,greek_salad,1
chocolate_cake,foie_gras,1
foie_gras,macarons,1
foie_gras,fried_calamari,1
scallops,waffles,1
apple_pie,beignets,1
caesar_salad,croque_madame,1
caesar_salad,french_toast,1
deviled_eggs,fried_calamari,1
gnocchi,hummus,1
gnocchi,samosa,1
ramen,sushi,1
hot_dog,macarons,1
club_sandwich,macarons,1
crab_cakes,lobster_roll_sandwich,1
ice_cream,sashimi,1
cannoli,sashimi,1
caesar_salad,tuna_tartare,1
baby_back_ribs,tuna_tartare,1
cannoli,spring_rolls,1
edamame,spring_rolls,1
red_velvet_cake,risotto,1
grilled_cheese_sandwich,ice_cream,1
chicken_quesadilla,chocolate_mousse,1
chocolate_mousse,pork_chop,1
cup_cakes,pulled_pork_sandwich,1
ceviche,cup_cakes,1
bibimbap,chocolate_cake,1
deviled_eggs,pancakes,1
crab_cakes,deviled_eggs,1
cheese_plate,greek_salad,1
cheese_plate,deviled_eggs,1
cheese_plate,tacos,1
pancakes,red_velvet_cake,1
ramen,red_velvet_cake,1
baby_back_ribs,ice_cream,1
pulled_pork_sandwich,takoyaki,1
ramen,takoyaki,1
baby_back_ribs,grilled_salmon,1
gnocchi,steak,1
poutine,steak,1
baby_back_ribs,waffles,1
omelette,waffles,1
filet_mignon,waffles,1
macarons,takoyaki,1
gnocchi,onion_rings,1
fried_calamari,frozen_yogurt,1
eggs_benedict,frozen_yogurt,1
caprese_salad,frozen_yogurt,1
pho,takoyaki,1
chocolate_mousse,lobster_bisque,1
pho,prime_rib,1
foie_gras,scallops,1
baklava,paella,1
baklava,filet_mignon,1
baklava,risotto,1
baby_back_ribs,foie_gras,1
chicken_wings,foie_gras,1
eggs_benedict,lasagna,1
lasagna,waffles,1
bruschetta,waffles,1
french_fries,macaroni_and_cheese,1
french_fries,garlic_bread,1
chicken_curry,french_fries,1
fried_calamari,takoyaki,1
peking_duck,takoyaki,1
falafel,pork_chop,1
fish_and_chips,pork_chop,1
bread_pudding,huevos_rancheros,1
bibimbap,bread_pudding,1
edamame,pad_thai,1
beignets,panna_cotta,1
ceviche,panna_cotta,1
club_sandwich,ramen,1
ceviche,fried_rice,1
fried_rice,hamburger,1
fried_rice,poutine,1
baklava,poutine,1
cannoli,poutine,1
garlic_bread,poutine,1
hamburger,ravioli,1
beignets,hamburger,1
hamburger,ramen,1
chicken_curry,creme_brulee,1
ramen,tacos,1
hamburger,tacos,1
spaghetti_bolognese,tacos,1
chicken_quesadilla,guacamole,1
guacamole,pancakes,1
hamburger,poutine,1
fish_and_chips,poutine,1
baby_back_ribs,pork_chop,1
beignets,poutine,1
club_sandwich,escargots,1
chocolate_cake,escargots,1
cheesecake,tiramisu,1
hot_and_sour_soup,tiramisu,1
fried_rice,ramen,1
chicken_quesadilla,french_toast,1
chicken_quesadilla,croque_madame,1
chicken_quesadilla,onion_rings,1
cheesecake,grilled_cheese_sandwich,1
fried_calamari,risotto,1
falafel,risotto,1
churros,gyoza,1
edamame,gyoza,1
french_fries,gyoza,1
sashimi,spaghetti_bolognese,1
baby_back_ribs,sashimi,1
pad_thai,tuna_tartare,1
beet_salad,tuna_tartare,1
cheese_plate,tuna_tartare,1
baby_back_ribs,edamame,1
baby_back_ribs,escargots,1
baby_back_ribs,carrot_cake,1
baby_back_ribs,cheesecake,1
garlic_bread,onion_rings,1
red_velvet_cake,tacos,1
risotto,tacos,1
cheese_plate,macaroni_and_cheese,1
bruschetta,spaghetti_carbonara,1
falafel,hot_and_sour_soup,1
falafel,french_onion_soup,1
falafel,miso_soup,1
baby_back_ribs,beef_tartare,1
edamame,spaghetti_bolognese,1
ravioli,takoyaki,1
pork_chop,takoyaki,1
chicken_wings,takoyaki,1
sushi,takoyaki,1
nachos,paella,1
crab_cakes,paella,1
carrot_cake,french_toast,1
french_toast,pad_thai,1
bruschetta,frozen_yogurt,1
fried_calamari,ravioli,1
breakfast_burrito,carrot_cake,1
club_sandwich,garlic_bread,1
club_sandwich,strawberry_shortcake,1
carrot_cake,club_sandwich,1
fish_and_chips,hamburger,1
baklava,fish_and_chips,1
bruschetta,falafel,1
bruschetta,gnocchi,1
poutine,sashimi,1
filet_mignon,poutine,1
bibimbap,poutine,1
pad_thai,ravioli,1
ravioli,spaghetti_bolognese,1
eggs_benedict,ravioli,1
edamame,scallops,1
lobster_roll_sandwich,sashimi,1
hummus,sashimi,1
edamame,filet_mignon,1
chicken_quesadilla,fish_and_chips,1
chicken_quesadilla,eggs_benedict,1
chicken_quesadilla,chicken_wings,1
carrot_cake,grilled_salmon,1
strawberry_shortcake,tuna_tartare,1
dumplings,tuna_tartare,1
carrot_cake,tuna_tartare,1
greek_salad,ravioli,1
greek_salad,macaroni_and_cheese,1
fish_and_chips,greek_salad,1
gnocchi,waffles,1
clam_chowder,waffles,1
french_toast,miso_soup,1
macaroni_and_cheese,miso_soup,1
baby_back_ribs,french_toast,1
french_toast,red_velvet_cake,1
cheesecake,tuna_tartare,1
cheesecake,garlic_bread,1
french_onion_soup,shrimp_and_grits,1
falafel,spring_rolls,1
chocolate_cake,tuna_tartare,1
greek_salad,takoyaki,1
croque_madame,takoyaki,1
cheese_plate,takoyaki,1
beignets,clam_chowder,1
apple_pie,pizza,1
gnocchi,pizza,1
chocolate_mousse,pizza,1
lobster_bisque,spring_rolls,1
ravioli,samosa,1
escargots,samosa,1
lobster_bisque,samosa,1
caesar_salad,fried_calamari,1
chocolate_cake,prime_rib,1
pulled_pork_sandwich,ramen,1
chicken_wings,chocolate_mousse,1
ceviche,chocolate_mousse,1
filet_mignon,greek_salad,1
filet_mignon,samosa,1
fish_and_chips,spring_rolls,1
caprese_salad,grilled_cheese_sandwich,1
caesar_salad,seaweed_salad,1
caesar_salad,edamame,1
eggs_benedict,hot_and_sour_soup,1
cheese_plate,chicken_wings,1
cheese_plate,pulled_pork_sandwich,1
baby_back_ribs,cheese_plate,1
baby_back_ribs,strawberry_shortcake,1
garlic_bread,strawberry_shortcake,1
edamame,strawberry_shortcake,1
caesar_salad,panna_cotta,1
escargots,panna_cotta,1
ceviche,filet_mignon,1
cannoli,tiramisu,1
seaweed_salad,tiramisu,1
steak,tiramisu,1
hummus,sushi,1
beef_carpaccio,ravioli,1
chocolate_cake,pizza,1
cheesecake,chocolate_cake,1
falafel,red_velvet_cake,1
gyoza,red_velvet_cake,1
beef_carpaccio,steak,1
eggs_benedict,steak,1
cheese_plate,samosa,1
deviled_eggs,tacos,1
greek_salad,seaweed_salad,1
pad_thai,seaweed_salad,1
lobster_roll_sandwich,macaroni_and_cheese,1
crab_cakes,waffles,1
scallops,takoyaki,1
lasagna,takoyaki,1
fish_and_chips,nachos,1
nachos,takoyaki,1
creme_brulee,lobster_bisque,1
creme_brulee,deviled_eggs,1
creme_brulee,hot_and_sour_soup,1
cheese_plate,red_velvet_cake,1
pho,red_velvet_cake,1
bruschetta,hummus,1
bruschetta,sashimi,1
bruschetta,chicken_quesadilla,1
churros,croque_madame,1
eggs_benedict,macarons,1
tiramisu,waffles,1
beef_carpaccio,scallops,1
ceviche,garlic_bread,1
chocolate_mousse,pulled_pork_sandwich,1
chicken_curry,fried_rice,1
fried_rice,pancakes,1
ramen,tiramisu,1
beef_tartare,tiramisu,1
pizza,sushi,1
grilled_salmon,sushi,1
chicken_wings,sushi,1
crab_cakes,lasagna,1
crab_cakes,french_onion_soup,1
breakfast_burrito,peking_duck,1
breakfast_burrito,dumplings,1
breakfast_burrito,onion_rings,1
gyoza,poutine,1
ice_cream,macarons,1
macarons,red_velvet_cake,1
ceviche,macarons,1
carrot_cake,ramen,1
beef_carpaccio,carrot_cake,1
carrot_cake,hamburger,1
spaghetti_carbonara,tiramisu,1
falafel,tiramisu,1
gnocchi,peking_duck,1
pizza,poutine,1
pizza,tuna_tartare,1
bruschetta,hot_dog,1
bruschetta,samosa,1
bruschetta,steak,1
lobster_roll_sandwich,paella,1
carrot_cake,french_fries,1
croque_madame,lasagna,1
breakfast_burrito,deviled_eggs,1
chicken_wings,macarons,1
frozen_yogurt,macarons,1
beignets,bread_pudding,1
baklava,bread_pudding,1
beef_tartare,creme_brulee,1
beef_tartare,hamburger,1
bruschetta,french_toast,1
fish_and_chips,sushi,1
fish_and_chips,macaroni_and_cheese,1
pork_chop,scallops,1
beet_salad,spaghetti_bolognese,1
beet_salad,prime_rib,1
guacamole,hamburger,1
fried_calamari,guacamole,1
cheese_plate,guacamole,1
crab_cakes,samosa,1
crab_cakes,eggs_benedict,1
crab_cakes,shrimp_and_grits,1
beignets,crab_cakes,1
cannoli,red_velvet_cake,1
cannoli,chicken_wings,1
cannoli,pulled_pork_sandwich,1
french_onion_soup,fried_calamari,1
french_onion_soup,onion_rings,1
apple_pie,waffles,1
apple_pie,pulled_pork_sandwich,1
omelette,pancakes,1
french_fries,pork_chop,1
beef_carpaccio,french_fries,1
french_fries,ice_cream,1
french_fries,sashimi,1
cannoli,peking_duck,1
greek_salad,grilled_cheese_sandwich,1
cannoli,grilled_cheese_sandwich,1
grilled_cheese_sandwich,pho,1
pancakes,pork_chop,1
pork_chop,risotto,1
beignets,pork_chop,1
donuts,spaghetti_bolognese,1
donuts,dumplings,1
donuts,grilled_salmon,1
dumplings,sashimi,1
deviled_eggs,spaghetti_bolognese,1
falafel,waffles,1
eggs_benedict,spring_rolls,1
pho,spring_rolls,1
caprese_salad,spring_rolls,1
macaroni_and_cheese,peking_duck,1
ceviche,risotto,1
risotto,seaweed_salad,1
caesar_salad,risotto,1
pad_thai,shrimp_and_grits,1
pancakes,shrimp_and_grits,1
pulled_pork_sandwich,shrimp_and_grits,1
lobster_bisque,shrimp_and_grits,1
panna_cotta,waffles,1
panna_cotta,spaghetti_carbonara,1
escargots,risotto,1
clam_chowder,onion_rings,1
onion_rings,oysters,1
bread_pudding,peking_duck,1
bread_pudding,greek_salad,1
grilled_salmon,pancakes,1
grilled_salmon,waffles,1
ramen,steak,1
baby_back_ribs,fried_calamari,1
grilled_salmon,peking_duck,1
beet_salad,grilled_salmon,1
apple_pie,croque_madame,1
apple_pie,baklava,1
apple_pie,chocolate_cake,1
grilled_salmon,ravioli,1
frozen_yogurt,pancakes,1
frozen_yogurt,spaghetti_bolognese,1
frozen_yogurt,nachos,1
beef_carpaccio,omelette,1
chicken_quesadilla,omelette,1
churros,fried_calamari,1
churros,foie_gras,1
churros,deviled_eggs,1
caprese_salad,peking_duck,1
edamame,miso_soup,1
bibimbap,paella,1
beef_carpaccio,paella,1
filet_mignon,ramen,1
chocolate_cake,steak,1
beef_tartare,crab_cakes,1
bread_pudding,macaroni_and_cheese,1
french_toast,huevos_rancheros,1
carrot_cake,huevos_rancheros,1
chicken_wings,eggs_benedict,1
chicken_wings,poutine,1
panna_cotta,spaghetti_bolognese,1
crab_cakes,panna_cotta,1
pad_thai,panna_cotta,1
edamame,huevos_rancheros,1
cannoli,huevos_rancheros,1
eggs_benedict,escargots,1
escargots,lobster_roll_sandwich,1
fried_calamari,pho,1
cheesecake,french_onion_soup,1
cheesecake,ramen,1
cheesecake,miso_soup,1
cup_cakes,scallops,1
mussels,scallops,1
nachos,samosa,1
beignets,nachos,1
baby_back_ribs,churros,1
ceviche,churros,1
caesar_salad,ramen,1
caesar_salad,hamburger,1
caesar_salad,club_sandwich,1
falafel,scallops,1
falafel,mussels,1
chicken_curry,falafel,1
beef_carpaccio,pork_chop,1
beef_carpaccio,hummus,1
beef_carpaccio,hamburger,1
cannoli,nachos,1
cannoli,ice_cream,1
garlic_bread,pizza,1
fried_calamari,pizza,1
french_toast,steak,1
fish_and_chips,steak,1
baklava,dumplings,1
hot_dog,risotto,1
hot_dog,paella,1
french_onion_soup,ravioli,1
chocolate_mousse,foie_gras,1
chocolate_mousse,french_onion_soup,1
caprese_salad,fried_calamari,1
creme_brulee,spaghetti_carbonara,1
crab_cakes,garlic_bread,1
dumplings,french_toast,1
caprese_salad,pad_thai,1
garlic_bread,ravioli,1
panna_cotta,prime_rib,1
panna_cotta,pork_chop,1
chocolate_mousse,panna_cotta,1
beet_salad,donuts,1
cup_cakes,ramen,1
dumplings,waffles,1
sushi,waffles,1
panna_cotta,sushi,1
cannoli,panna_cotta,1
hamburger,panna_cotta,1
beef_tartare,huevos_rancheros,1
beef_tartare,deviled_eggs,1
edamame,waffles,1
caprese_salad,waffles,1
club_sandwich,waffles,1
macarons,mussels,1
french_toast,guacamole,1
falafel,guacamole,1
ice_cream,samosa,1
carrot_cake,ice_cream,1
eggs_benedict,ice_cream,1
deviled_eggs,french_fries,1
chicken_curry,huevos_rancheros,1
caprese_salad,chicken_curry,1
chicken_wings,lasagna,1
chicken_wings,deviled_eggs,1
beet_salad,lobster_bisque,1
bruschetta,lobster_bisque,1
lobster_bisque,spaghetti_bolognese,1
beignets,caesar_salad,1
beignets,risotto,1
beignets,lobster_roll_sandwich,1
beignets,hot_dog,1
croque_madame,gnocchi,1
gnocchi,tuna_tartare,1
escargots,gnocchi,1
french_toast,shrimp_and_grits,1
french_toast,pork_chop,1
cheese_plate,cup_cakes,1
beet_salad,cup_cakes,1
cup_cakes,fried_calamari,1
prime_rib,tacos,1
pizza,ramen,1
french_fries,omelette,1
filet_mignon,fish_and_chips,1
fried_calamari,samosa,1
samosa,takoyaki,1
edamame,samosa,1
frozen_yogurt,lobster_bisque,1
frozen_yogurt,ravioli,1
frozen_yogurt,grilled_cheese_sandwich,1
filet_mignon,spaghetti_carbonara,1
baby_back_ribs,spaghetti_carbonara,1
fried_calamari,spaghetti_carbonara,1
deviled_eggs,frozen_yogurt,1
caesar_salad,deviled_eggs,1
foie_gras,ramen,1
foie_gras,french_toast,1
bibimbap,caprese_salad,1
nachos,spring_rolls,1
cup_cakes,nachos,1
carrot_cake,gyoza,1
gyoza,pulled_pork_sandwich,1
bibimbap,garlic_bread,1
baby_back_ribs,bibimbap,1
greek_salad,waffles,1
pulled_pork_sandwich,tacos,1
edamame,hot_dog,1
carrot_cake,hot_dog,1
garlic_bread,ramen,1
garlic_bread,shrimp_and_grits,1
falafel,lobster_roll_sandwich,1
caprese_salad,lobster_roll_sandwich,1
lobster_roll_sandwich,tuna_tartare,1
bruschetta,hamburger,1
filet_mignon,lasagna,1
lasagna,pulled_pork_sandwich,1
breakfast_burrito,macaroni_and_cheese,1
baby_back_ribs,breakfast_burrito,1
bibimbap,chicken_curry,1
chicken_curry,panna_cotta,1
beef_carpaccio,chicken_quesadilla,1
chocolate_cake,pad_thai,1
cannoli,chocolate_cake,1
dumplings,tacos,1
peking_duck,tacos,1
pork_chop,tacos,1
fish_and_chips,scallops,1
bibimbap,seaweed_salad,1
miso_soup,seaweed_salad,1
french_toast,ravioli,1
fish_and_chips,ravioli,1
ravioli,spring_rolls,1
baby_back_ribs,beignets,1
baby_back_ribs,lobster_roll_sandwich,1
grilled_cheese_sandwich,sashimi,1
breakfast_burrito,ice_cream,1
grilled_salmon,ice_cream,1
caesar_salad,oysters,1
oysters,samosa,1
greek_salad,oysters,1
edamame,hummus,1
chicken_wings,tuna_tartare,1
grilled_salmon,tuna_tartare,1
spring_rolls,tuna_tartare,1
chocolate_mousse,spaghetti_bolognese,1
grilled_cheese_sandwich,hummus,1
creme_brulee,oysters,1
french_toast,oysters,1
churros,tiramisu,1
bruschetta,tiramisu,1
cannoli,waffles,1
eggs_benedict,greek_salad,1
croque_madame,greek_salad,1
chicken_quesadilla,spaghetti_carbonara,1
chocolate_cake,grilled_cheese_sandwich,1
churros,paella,1
churros,panna_cotta,1
hummus,tiramisu,1
lobster_bisque,tiramisu,1
ice_cream,spaghetti_bolognese,1
ice_cream,lasagna,1
french_fries,fried_calamari,1
french_fries,waffles,1
bibimbap,pizza,1
bibimbap,shrimp_and_grits,1
ceviche,shrimp_and_grits,1
peking_duck,shrimp_and_grits,1
eggs_benedict,paella,1
breakfast_burrito,lobster_roll_sandwich,1
breakfast_burrito,club_sandwich,1
breakfast_burrito,poutine,1
creme_brulee,miso_soup,1
creme_brulee,scallops,1
clam_chowder,creme_brulee,1
caesar_salad,foie_gras,1
cannoli,edamame,1
crab_cakes,poutine,1
falafel,steak,1
lasagna,steak,1
filet_mignon,gnocchi,1
omelette,pork_chop,1
pork_chop,spaghetti_bolognese,1
cannoli,hot_dog,1
carrot_cake,paella,1
poutine,takoyaki,1
tacos,takoyaki,1
guacamole,omelette,1
beef_carpaccio,guacamole,1
chicken_curry,guacamole,1
hot_dog,ramen,1
clam_chowder,hot_dog,1
hot_dog,seaweed_salad,1
oysters,strawberry_shortcake,1
creme_brulee,tiramisu,1
grilled_cheese_sandwich,tiramisu,1
ravioli,tiramisu,1
clam_chowder,risotto,1
caesar_salad,guacamole,1
guacamole,onion_rings,1
guacamole,shrimp_and_grits,1
guacamole,samosa,1
garlic_bread,guacamole,1
apple_pie,baby_back_ribs,1
apple_pie,gnocchi,1
apple_pie,chicken_curry,1
greek_salad,sashimi,1
cup_cakes,sashimi,1
baby_back_ribs,ravioli,1
bread_pudding,grilled_salmon,1
grilled_cheese_sandwich,steak,1
grilled_cheese_sandwich,pork_chop,1
caprese_salad,sashimi,1
eggs_benedict,sashimi,1
club_sandwich,greek_salad,1
club_sandwich,edamame,1
club_sandwich,spaghetti_carbonara,1
carrot_cake,frozen_yogurt,1
carrot_cake,seaweed_salad,1
croque_madame,nachos,1
cheese_plate,eggs_benedict,1
bruschetta,cheese_plate,1
fish_and_chips,ramen,1
fish_and_chips,prime_rib,1
baklava,pulled_pork_sandwich,1
lasagna,lobster_roll_sandwich,1
croque_madame,lobster_roll_sandwich,1
filet_mignon,macarons,1
chocolate_cake,nachos,1
chocolate_cake,greek_salad,1
ceviche,chocolate_cake,1
cup_cakes,garlic_bread,1
cup_cakes,eggs_benedict,1
cup_cakes,french_toast,1
beet_salad,shrimp_and_grits,1
scallops,seaweed_salad,1
chicken_quesadilla,seaweed_salad,1
pancakes,seaweed_salad,1
beef_carpaccio,sushi,1
beef_carpaccio,sashimi,1
beef_carpaccio,edamame,1
beef_carpaccio,dumplings,1
french_onion_soup,peking_duck,1
baklava,croque_madame,1
baklava,french_onion_soup,1
baklava,sashimi,1
baklava,ramen,1
churros,ravioli,1
churros,tuna_tartare,1
churros,strawberry_shortcake,1
bibimbap,scallops,1
frozen_yogurt,scallops,1
frozen_yogurt,sushi,1
clam_chowder,frozen_yogurt,1
pancakes,tuna_tartare,1
shrimp_and_grits,tuna_tartare,1
dumplings,frozen_yogurt,1
frozen_yogurt,prime_rib,1
french_onion_soup,frozen_yogurt,1
frozen_yogurt,ice_cream,1
baby_back_ribs,ramen,1
baby_back_ribs,french_onion_soup,1
garlic_bread,takoyaki,1
lobster_bisque,macarons,1
cheesecake,macarons,1
beignets,fried_rice,1
fried_rice,garlic_bread,1
macaroni_and_cheese,risotto,1
macaroni_and_cheese,shrimp_and_grits,1
filet_mignon,macaroni_and_cheese,1
bibimbap,macaroni_and_cheese,1
falafel,macarons,1
escargots,poutine,1
bibimbap,caesar_salad,1
caesar_salad,onion_rings,1
cannoli,foie_gras,1
cheesecake,foie_gras,1
grilled_salmon,poutine,1
ceviche,grilled_salmon,1
pho,scallops,1
pancakes,sushi,1
eggs_benedict,falafel,1
falafel,prime_rib,1
creme_brulee,spaghetti_bolognese,1
creme_brulee,fried_calamari,1
creme_brulee,shrimp_and_grits,1
croque_madame,pancakes,1
croque_madame,fried_calamari,1
fried_calamari,lobster_bisque,1
cannoli,fried_calamari,1
fried_calamari,tuna_tartare,1
edamame,peking_duck,1
lobster_roll_sandwich,peking_duck,1
omelette,peking_duck,1
chicken_curry,hamburger,1
beet_salad,chicken_curry,1
carrot_cake,risotto,1
carrot_cake,poutine,1
hummus,shrimp_and_grits,1
chicken_curry,crab_cakes,1
pancakes,ravioli,1
prime_rib,waffles,1
baby_back_ribs,scallops,1
ice_cream,scallops,1
cheese_plate,gyoza,1
gyoza,pork_chop,1
chocolate_cake,gyoza,1
beef_carpaccio,ramen,1
macarons,miso_soup,1
oysters,scallops,1
scallops,spaghetti_carbonara,1
donuts,onion_rings,1
donuts,garlic_bread,1
chocolate_cake,donuts,1
donuts,escargots,1
beef_tartare,panna_cotta,1
hot_and_sour_soup,shrimp_and_grits,1
croque_madame,hot_and_sour_soup,1
peking_duck,ramen,1
croque_madame,poutine,1
chicken_curry,ravioli,1
beef_carpaccio,chicken_curry,1
donuts,ramen,1
ceviche,pho,1
breakfast_burrito,tacos,1
breakfast_burrito,grilled_salmon,1
breakfast_burrito,cheesecake,1
french_onion_soup,tiramisu,1
ice_cream,tiramisu,1
dumplings,peking_duck,1
dumplings,grilled_salmon,1
baklava,shrimp_and_grits,1
deviled_eggs,shrimp_and_grits,1
lobster_roll_sandwich,shrimp_and_grits,1
fish_and_chips,shrimp_and_grits,1
dumplings,gyoza,1
gyoza,seaweed_salad,1
gyoza,sashimi,1
beef_tartare,gyoza,1
beef_tartare,hot_dog,1
pork_chop,spaghetti_carbonara,1
beef_tartare,cup_cakes,1
cup_cakes,gyoza,1
fried_calamari,pork_chop,1
beet_salad,ravioli,1
huevos_rancheros,poutine,1
club_sandwich,french_onion_soup,1
chicken_wings,crab_cakes,1
crab_cakes,pork_chop,1
omelette,paella,1
grilled_salmon,paella,1
french_onion_soup,grilled_cheese_sandwich,1
cannoli,ravioli,1
beignets,cannoli,1
cannoli,french_toast,1
churros,hamburger,1
churros,hot_and_sour_soup,1
churros,poutine,1
chicken_quesadilla,hamburger,1
cannoli,macaroni_and_cheese,1
macaroni_and_cheese,sushi,1
bread_pudding,hamburger,1
bread_pudding,strawberry_shortcake,1
bread_pudding,chocolate_cake,1
chicken_curry,clam_chowder,1
carrot_cake,chicken_quesadilla,1
hot_and_sour_soup,macaroni_and_cheese,1
bread_pudding,filet_mignon,1
chicken_quesadilla,dumplings,1
dumplings,french_onion_soup,1
french_onion_soup,waffles,1
chocolate_cake,cup_cakes,1
cup_cakes,escargots,1
cup_cakes,mussels,1
club_sandwich,guacamole,1
grilled_cheese_sandwich,guacamole,1
filet_mignon,pulled_pork_sandwich,1
gnocchi,miso_soup,1
lobster_bisque,macaroni_and_cheese,1
club_sandwich,onion_rings,1
french_fries,onion_rings,1
beet_salad,tiramisu,1
escargots,tiramisu,1
scallops,spring_rolls,1
creme_brulee,spring_rolls,1
spaghetti_bolognese,tuna_tartare,1
beignets,tuna_tartare,1
caprese_salad,mussels,1
eggs_benedict,huevos_rancheros,1
baby_back_ribs,pizza,1
chicken_curry,pizza,1
deviled_eggs,panna_cotta,1
macaroni_and_cheese,panna_cotta,1
bruschetta,pancakes,1
nachos,oysters,1
sashimi,strawberry_shortcake,1
filet_mignon,strawberry_shortcake,1
guacamole,ice_cream,1
lobster_bisque,pulled_pork_sandwich,1
hummus,macaroni_and_cheese,1
gyoza,pizza,1
pulled_pork_sandwich,red_velvet_cake,1
scallops,shrimp_and_grits,1
foie_gras,hot_and_sour_soup,1
fried_calamari,miso_soup,1
cheese_plate,miso_soup,1
crab_cakes,nachos,1
nachos,pizza,1
pork_chop,tuna_tartare,1
omelette,tuna_tartare,1
cheesecake,sushi,1
edamame,spaghetti_carbonara,1
miso_soup,peking_duck,1
eggs_benedict,miso_soup,1
miso_soup,omelette,1
falafel,hummus,1
falafel,filet_mignon,1
creme_brulee,falafel,1
falafel,ice_cream,1
guacamole,lasagna,1
guacamole,steak,1
carrot_cake,lasagna,1
dumplings,greek_salad,1
carrot_cake,greek_salad,1
fried_calamari,peking_duck,1
clam_chowder,ice_cream,1
beef_tartare,ice_cream,1
guacamole,sashimi,1
guacamole,hot_dog,1
guacamole,red_velvet_cake,1
guacamole,sushi,1
baby_back_ribs,sushi,1
beef_tartare,escargots,1
apple_pie,hamburger,1
apple_pie,lasagna,1
apple_pie,ceviche,1
chocolate_cake,dumplings,1
donuts,waffles,1
filet_mignon,takoyaki,1
caesar_salad,takoyaki,1
french_onion_soup,takoyaki,1
falafel,huevos_rancheros,1
croque_madame,falafel,1
frozen_yogurt,paella,1
cannoli,frozen_yogurt,1
chicken_curry,frozen_yogurt,1
eggs_benedict,ramen,1
chocolate_mousse,hamburger,1
beet_salad,chocolate_mousse,1
french_fries,red_velvet_cake,1
beet_salad,french_fries,1
deviled_eggs,onion_rings,1
ceviche,onion_rings,1
cheese_plate,onion_rings,1
cheese_plate,pho,1
cheese_plate,prime_rib,1
caprese_salad,fried_rice,1
macaroni_and_cheese,onion_rings,1
filet_mignon,foie_gras,1
foie_gras,omelette,1
foie_gras,ice_cream,1
beignets,chocolate_mousse,1
chocolate_mousse,sushi,1
chicken_quesadilla,hummus,1
chicken_quesadilla,french_onion_soup,1
fried_rice,pork_chop,1
fried_rice,lobster_roll_sandwich,1
fried_rice,omelette,1
fried_rice,greek_salad,1
crab_cakes,hamburger,1
crab_cakes,prime_rib,1
chicken_wings,lobster_roll_sandwich,1
lobster_roll_sandwich,sushi,1
french_toast,pulled_pork_sandwich,1
falafel,pulled_pork_sandwich,1
gyoza,lasagna,1
cup_cakes,edamame,1
cup_cakes,frozen_yogurt,1
chicken_wings,scallops,1
croque_madame,scallops,1
chocolate_cake,peking_duck,1
chocolate_mousse,cup_cakes,1
cup_cakes,foie_gras,1
lobster_roll_sandwich,ravioli,1
lobster_roll_sandwich,ramen,1
carrot_cake,spaghetti_carbonara,1
ice_cream,nachos,1
eggs_benedict,nachos,1
cheese_plate,nachos,1
hot_and_sour_soup,nachos,1
chicken_curry,oysters,1
lobster_bisque,oysters,1
peking_duck,spaghetti_carbonara,1
beet_salad,miso_soup,1
beef_tartare,pulled_pork_sandwich,1
beef_tartare,caesar_salad,1
gnocchi,lasagna,1
french_onion_soup,gnocchi,1
gnocchi,scallops,1
baby_back_ribs,hamburger,1
hamburger,sushi,1
macarons,strawberry_shortcake,1
caesar_salad,sushi,1
caesar_salad,sashimi,1
caesar_salad,nachos,1
gyoza,scallops,1
filet_mignon,gyoza,1
hamburger,red_velvet_cake,1
hamburger,pho,1
gyoza,ramen,1
gyoza,spaghetti_carbonara,1
gyoza,oysters,1
gyoza,hamburger,1
grilled_salmon,mussels,1
caesar_salad,mussels,1
lobster_bisque,pancakes,1
escargots,lobster_bisque,1
grilled_salmon,lobster_roll_sandwich,1
eggs_benedict,pizza,1
fish_and_chips,sashimi,1
bruschetta,deviled_eggs,1
bruschetta,foie_gras,1
chocolate_cake,pulled_pork_sandwich,1
hamburger,samosa,1
greek_salad,samosa,1
beef_tartare,lasagna,1
beef_tartare,sushi,1
carrot_cake,sashimi,1
ceviche,sushi,1
baklava,grilled_salmon,1
baklava,chocolate_cake,1
baklava,carrot_cake,1
baklava,gyoza,1
baklava,onion_rings,1
eggs_benedict,hummus,1
creme_brulee,waffles,1
churros,edamame,1
churros,mussels,1
churros,sashimi,1
fried_calamari,greek_salad,1
greek_salad,hummus,1
greek_salad,hot_and_sour_soup,1
greek_salad,miso_soup,1
caprese_salad,club_sandwich,1
club_sandwich,ice_cream,1
beignets,grilled_salmon,1
bruschetta,tuna_tartare,1
hummus,tuna_tartare,1
oysters,tuna_tartare,1
apple_pie,eggs_benedict,1
apple_pie,beet_salad,1
fish_and_chips,waffles,1
beef_tartare,dumplings,1
cannoli,lasagna,1
beet_salad,cannoli,1
pizza,tacos,1
lobster_roll_sandwich,pizza,1
bread_pudding,samosa,1
pulled_pork_sandwich,risotto,1
risotto,steak,1
fried_rice,pizza,1
fried_rice,tuna_tartare,1
chocolate_cake,pho,1
edamame,eggs_benedict,1
fish_and_chips,onion_rings,1
ice_cream,onion_rings,1
filet_mignon,oysters,1
chicken_wings,oysters,1
oysters,spaghetti_bolognese,1
french_onion_soup,gyoza,1
pulled_pork_sandwich,ravioli,1
ceviche,pulled_pork_sandwich,1
cannoli,omelette,1
chocolate_cake,omelette,1
eggs_benedict,omelette,1
omelette,sushi,1
cheesecake,chicken_curry,1
caprese_salad,cheesecake,1
croque_madame,hummus,1
chocolate_cake,hummus,1
apple_pie,bibimbap,1
beef_carpaccio,shrimp_and_grits,1
beef_carpaccio,french_onion_soup,1
beef_carpaccio,spaghetti_bolognese,1
beef_carpaccio,lasagna,1
donuts,ravioli,1
escargots,sushi,1
dumplings,escargots,1
mussels,pad_thai,1
gyoza,mussels,1
fish_and_chips,mussels,1
mussels,poutine,1
hamburger,spaghetti_carbonara,1
guacamole,macaroni_and_cheese,1
breakfast_burrito,bruschetta,1
breakfast_burrito,ceviche,1
deviled_eggs,lobster_bisque,1
foie_gras,frozen_yogurt,1
filet_mignon,sashimi,1
garlic_bread,sashimi,1
macaroni_and_cheese,pancakes,1
cheesecake,pad_thai,1
eggs_benedict,grilled_cheese_sandwich,1
fish_and_chips,grilled_cheese_sandwich,1
carrot_cake,filet_mignon,1
carrot_cake,shrimp_and_grits,1
crab_cakes,risotto,1
ramen,seaweed_salad,1
lobster_bisque,seaweed_salad,1
chocolate_cake,spring_rolls,1
grilled_salmon,spring_rolls,1
baby_back_ribs,spring_rolls,1
caprese_salad,omelette,1
caprese_salad,red_velvet_cake,1
filet_mignon,miso_soup,1
miso_soup,shrimp_and_grits,1
fried_rice,pulled_pork_sandwich,1
beef_tartare,cannoli,1
filet_mignon,french_fries,1
eggs_benedict,french_fries,1
carrot_cake,grilled_cheese_sandwich,1
grilled_cheese_sandwich,spaghetti_bolognese,1
escargots,grilled_cheese_sandwich,1
fried_calamari,grilled_salmon,1
poutine,shrimp_and_grits,1
shrimp_and_grits,spaghetti_carbonara,1
croque_madame,shrimp_and_grits,1
beet_salad,seaweed_salad,1
filet_mignon,omelette,1
spaghetti_carbonara,tuna_tartare,1
huevos_rancheros,sushi,1
dumplings,pizza,1
french_fries,pho,1
dumplings,scallops,1
caesar_salad,red_velvet_cake,1
prime_rib,red_velvet_cake,1
escargots,hot_and_sour_soup,1
escargots,miso_soup,1
bibimbap,falafel,1
chocolate_mousse,falafel,1
hot_dog,pad_thai,1
pancakes,tacos,1
escargots,tacos,1
falafel,macaroni_and_cheese,1
beef_tartare,hummus,1
beef_tartare,gnocchi,1
baby_back_ribs,pho,1
cannoli,cheese_plate,1
macarons,scallops,1
cannoli,steak,1
crab_cakes,steak,1
peking_duck,red_velvet_cake,1
carrot_cake,peking_duck,1
lobster_bisque,ravioli,1
eggs_benedict,lobster_bisque,1
nachos,poutine,1
nachos,prime_rib,1
chicken_quesadilla,pancakes,1
escargots,scallops,1
pulled_pork_sandwich,scallops,1
scallops,tacos,1
dumplings,spring_rolls,1
croque_madame,dumplings,1
huevos_rancheros,peking_duck,1
edamame,grilled_salmon,1
cannoli,lobster_roll_sandwich,1
chicken_curry,sashimi,1
french_onion_soup,omelette,1
beet_salad,hot_dog,1
greek_salad,steak,1
chicken_wings,samosa,1
peking_duck,samosa,1
apple_pie,gyoza,1
apple_pie,french_fries,1
crab_cakes,tiramisu,1
fish_and_chips,tiramisu,1
fried_calamari,omelette,1
omelette,poutine,1
crab_cakes,omelette,1
bibimbap,fried_rice,1
hot_and_sour_soup,huevos_rancheros,1
ceviche,oysters,1
cannoli,oysters,1
lasagna,oysters,1
chicken_quesadilla,oysters,1
beignets,miso_soup,1
beignets,lobster_bisque,1
club_sandwich,deviled_eggs,1
greek_salad,strawberry_shortcake,1
beef_carpaccio,strawberry_shortcake,1
ceviche,pork_chop,1
peking_duck,pork_chop,1
churros,grilled_salmon,1
churros,fish_and_chips,1
chocolate_mousse,takoyaki,1
chocolate_mousse,miso_soup,1
chocolate_mousse,red_velvet_cake,1
club_sandwich,huevos_rancheros,1
gnocchi,huevos_rancheros,1
gnocchi,hamburger,1
gnocchi,sushi,1
eggs_benedict,gyoza,1
creme_brulee,hot_dog,1
creme_brulee,pulled_pork_sandwich,1
carrot_cake,deviled_eggs,1
carrot_cake,hummus,1
pulled_pork_sandwich,spring_rolls,1
omelette,spring_rolls,1
beignets,spring_rolls,1
creme_brulee,peking_duck,1
creme_brulee,pad_thai,1
creme_brulee,filet_mignon,1
beet_salad,creme_brulee,1
fish_and_chips,macarons,1
ice_cream,paella,1
paella,tacos,1
huevos_rancheros,paella,1
cannoli,paella,1
garlic_bread,hot_dog,1
filet_mignon,hot_dog,1
bibimbap,fish_and_chips,1
french_fries,nachos,1
beef_tartare,cheesecake,1
cheesecake,paella,1
baklava,spaghetti_carbonara,1
eggs_benedict,pork_chop,1
filet_mignon,hot_and_sour_soup,1
baklava,edamame,1
baklava,caesar_salad,1
baklava,lobster_roll_sandwich,1
baklava,omelette,1
foie_gras,mussels,1
cannoli,caprese_salad,1
chicken_wings,chocolate_cake,1
chocolate_cake,takoyaki,1
club_sandwich,mussels,1
club_sandwich,nachos,1
bread_pudding,miso_soup,1
bread_pudding,clam_chowder,1
cannoli,hummus,1
caesar_salad,falafel,1
mussels,ramen,1
mussels,peking_duck,1
grilled_salmon,guacamole,1
baby_back_ribs,caprese_salad,1
ceviche,pad_thai,1
french_onion_soup,huevos_rancheros,1
fried_rice,ravioli,1
cheese_plate,ravioli,1
caesar_salad,chicken_quesadilla,1
caesar_salad,spring_rolls,1
filet_mignon,garlic_bread,1
lasagna,miso_soup,1
cannoli,mussels,1
cup_cakes,spaghetti_carbonara,1
cup_cakes,pho,1
foie_gras,nachos,1
cup_cakes,prime_rib,1
cup_cakes,falafel,1
edamame,falafel,1
beef_carpaccio,chocolate_cake,1
beef_carpaccio,pho,1
cannoli,strawberry_shortcake,1
clam_chowder,mussels,1
clam_chowder,paella,1
beignets,grilled_cheese_sandwich,1
carrot_cake,waffles,1
bibimbap,huevos_rancheros,1
caprese_salad,tiramisu,1
cheese_plate,tiramisu,1
strawberry_shortcake,tiramisu,1
chocolate_cake,tiramisu,1
chicken_quesadilla,huevos_rancheros,1
huevos_rancheros,pulled_pork_sandwich,1
ravioli,steak,1
filet_mignon,fried_rice,1
baklava,takoyaki,1
croque_madame,macarons,1
croque_madame,pork_chop,1
cheese_plate,croque_madame,1
hamburger,mussels,1
baby_back_ribs,omelette,1
ice_cream,spaghetti_carbonara,1
hummus,onion_rings,1
chicken_wings,hummus,1
hummus,lobster_roll_sandwich,1
deviled_eggs,spring_rolls,1
fried_calamari,spring_rolls,1
chocolate_mousse,spring_rolls,1
crab_cakes,ramen,1
crab_cakes,tacos,1
carrot_cake,gnocchi,1
carrot_cake,pizza,1
